baseMean	log2FoldChange	lfcSE	pvalue	padj	gene
147.64169378879	0.966728868643723	0.0698165293852158	1.2923747156796e-44	2.40754696886414e-43	gene1
146.028674049765	0.910376469895734	0.0703080303686923	2.42251015990319e-39	2.47194914275835e-38	gene2
145.046617765647	0.866318315472109	0.0694878567996565	1.2031887181709e-36	9.54911681088014e-36	gene3
152.797413240622	0.919734019816335	0.0689536398065497	1.38634133554583e-41	1.98048762220833e-40	gene4
151.771585018949	0.950150623939675	0.0667760044907667	5.96024923962833e-47	1.75301448224363e-45	gene5
149.75563605075	0.955920901332383	0.0675147045063514	1.61728255884175e-46	4.04320639710439e-45	gene6
147.473979137481	0.941051269947245	0.0647679824085304	8.00688566552608e-49	4.44826981418115e-47	gene7
146.551562763073	0.89961166107539	0.0682448130078047	1.17252097898949e-40	1.46565122373686e-39	gene8
150.630176597156	0.973977832129305	0.0643369096900298	8.79992319032468e-53	1.09999039879058e-50	gene9
145.336544522161	0.883303828004488	0.0673434322718555	2.93876293321104e-40	3.26529214801226e-39	gene10
149.80737778188	1.03202533239544	0.0678933934951819	3.24678255388095e-53	5.41130425646826e-51	gene11
147.166447221509	0.901853197172837	0.0695080220239692	1.75061243868793e-39	1.82355462363326e-38	gene12
151.238145548196	0.810715112525588	0.0705980706925769	1.78520157384548e-31	1.23972331517047e-30	gene13
145.676991142939	0.954375508569316	0.0661488419373377	3.47208244421677e-48	1.5782192928258e-46	gene14
147.129455401938	0.908500150093984	0.0668082729738546	4.40992588444865e-43	7.34987647408108e-42	gene15
145.634801384869	0.903141267948593	0.0690147223794547	4.10341484773879e-40	4.46023353015086e-39	gene16
152.594261489957	0.939306966183589	0.0642915039550754	2.38910253825159e-49	1.49318908640725e-47	gene17
149.463206198303	0.918985138294855	0.0652206440162688	4.44947128304103e-46	1.05939792453358e-44	gene18
151.964076703502	0.944949478840059	0.0643222925183375	7.39231994668471e-50	5.28022853334622e-48	gene19
143.010438804923	0.94940827022069	0.0706132752430003	3.28955643374094e-42	4.984176414759e-41	gene20
152.534671302011	0.883814536908286	0.067077254596962	1.25548782673349e-40	1.53108271552864e-39	gene21
143.061096688599	0.840967860237499	0.0658484083120276	2.62590168354386e-38	2.52490546494602e-37	gene22
143.466301619649	0.966396681370549	0.0736976874807661	2.63506245921233e-40	2.99438915819582e-39	gene23
143.616603144553	0.898414523862885	0.0698677562116199	7.98955199617756e-39	7.98955199617756e-38	gene24
146.759561089147	0.915939539319334	0.0671414778773517	2.52791787138859e-43	4.51413905605106e-42	gene25
151.253868045821	0.87311763793528	0.0686549685525583	4.95239864000627e-38	4.5855542963021e-37	gene26
145.079061312059	0.928052458976976	0.0695988011515135	1.47685706590422e-41	2.05119036931142e-40	gene27
148.913196791527	1.01437777469979	0.0700846919248875	1.66175841461113e-48	8.30879207305566e-47	gene28
147.463510957582	0.931337714200128	0.0756110971405105	7.05525377138273e-36	5.42711828567903e-35	gene29
147.279575422419	0.930829671033043	0.0669561401812908	6.8362454636826e-45	1.42421780493387e-43	gene30
149.165628427583	0.8568171737776	0.0683109402742442	4.6503806665869e-37	4.00894885050595e-36	gene31
146.926895069066	0.906558065210891	0.0690497638134406	2.29327313948512e-40	2.66659667381991e-39	gene32
153.362225563721	0.881434903823917	0.0646993700421398	3.01475902061434e-43	5.19786038036956e-42	gene33
153.032505058167	0.861788081136631	0.0660908451398904	7.8199120520415e-40	8.31905537451224e-39	gene34
149.039556128443	0.831174921748273	0.0678005500502915	1.6631197213449e-35	1.24113412040664e-34	gene35
146.734189962154	0.75197173086615	0.063963671952256	8.16487828109512e-33	5.91657846456168e-32	gene36
142.379292130685	0.907606046230986	0.0682734173482333	2.68595688886427e-41	3.5341538011372e-40	gene37
143.016302709271	0.853839947198103	0.0738172817589549	6.37507950233692e-32	4.48949260727952e-31	gene38
152.987827331176	0.977304468799846	0.0705942899044788	1.30007536318664e-44	2.40754696886414e-43	gene39
139.366760028853	0.764916912958082	0.0711276821764154	6.83714182018742e-28	4.55809454679162e-27	gene40
149.423634429643	0.944617967900308	0.0663593053516161	5.5278292438911e-47	1.72744663871597e-45	gene41
149.125835456639	0.898018743969008	0.0679239131937647	6.84298502296228e-41	8.77305772174651e-40	gene42
145.416688490118	0.863529177459375	0.0688698134151684	4.96544054522683e-37	4.20800046205664e-36	gene43
144.830388052934	0.958975551661651	0.0676585316059671	1.4016649101761e-46	3.68859186888449e-45	gene44
148.464206677341	0.894485282579345	0.071635500033447	9.01035141881727e-37	7.26641243453006e-36	gene45
152.170956813827	0.852176784495548	0.0681403465963457	7.37734390698541e-37	6.14778658915451e-36	gene46
149.76838153279	0.888831672444067	0.0657613363650932	1.31438052507562e-42	2.05371957043066e-41	gene47
145.159595050914	0.761931807623264	0.0682285192874718	7.26845763766639e-30	4.91112002545027e-29	gene48
153.413044883342	1.00813483095183	0.0721350650521555	2.03412805155932e-45	4.42201750338983e-44	gene49
141.343955653552	0.889115952560462	0.0693992656013793	1.54787499095524e-38	1.51752450093651e-37	gene50
146.633195166412	0.86337600922357	0.0677049591918495	3.41312045277095e-38	3.2199249554443e-37	gene51
155.418223264141	0.955333830835572	0.0662632476885597	3.95084205633976e-48	1.64618419014157e-46	gene52
149.615792944973	0.909836859926779	0.068270001634158	1.63850682566785e-41	2.21419841306466e-40	gene53
151.81648199886	1.0398925071772	0.072298605440405	5.95731799080404e-48	2.29127615030924e-46	gene54
151.097307971845	1.0070334950518	0.0651253211336299	5.90388363801153e-55	2.95194181900577e-52	gene55
149.563656845085	0.877853193223263	0.069571612484314	1.74407991681522e-37	1.58552719710475e-36	gene56
145.606136823826	0.952664514841934	0.0663962268369325	1.08938318120133e-47	3.72139236083611e-46	gene57
151.017573790151	0.847188509810096	0.0645055272379738	2.28624388835972e-40	2.66659667381991e-39	gene58
156.184492430562	0.953176258959394	0.0687003342133234	8.79709594109501e-45	1.759419188219e-43	gene59
150.759782529111	0.889252987169153	0.0708373207232422	3.89260875881192e-37	3.41456908667713e-36	gene60
142.512772698001	0.82135166900789	0.0707064181786648	3.77131622133117e-32	2.69379730095084e-31	gene61
154.134851758977	0.928776223498614	0.0662608836209714	1.23379624465964e-45	2.80408237422645e-44	gene62
152.082446873492	1.04906346025107	0.0688580686617236	1.89144078488338e-53	4.72860196220846e-51	gene63
154.067207629088	0.955607521436846	0.0666134951552871	1.11641770825083e-47	3.72139236083611e-46	gene64
150.51589624841	1.03064161220423	0.0700899573059148	5.53743156032391e-50	4.61452630026993e-48	gene65
155.330492933529	0.873647728291866	0.0766955544763793	4.70380688644472e-31	3.22178553866077e-30	gene66
146.745662906329	0.911755789376214	0.0672057430910103	7.15495469965068e-43	1.15402495155656e-41	gene67
148.275693542386	0.930965304823028	0.0693939369556902	4.85783113371765e-42	7.14386931429066e-41	gene68
154.478509527834	0.948547066873971	0.0666931891804104	6.54963668970651e-47	1.81934352491848e-45	gene69
143.928019815542	0.894217099537627	0.0716079681852808	8.44071480261363e-37	6.91861869066691e-36	gene70
149.078638359951	0.934782304246601	0.0767028503111444	3.48208568262055e-35	2.56035711957393e-34	gene71
145.527652963061	0.876445505176788	0.0695450617037394	2.16239783695958e-37	1.9307123544282e-36	gene72
148.209720754435	1.05185888836299	0.0695868959346929	1.16475370827623e-52	1.16475370827623e-50	gene73
150.041872276782	0.840137240220477	0.0684576514782076	1.38962401017089e-35	1.05274546225068e-34	gene74
149.230460034434	0.943603914487594	0.075840111673368	1.46978367932153e-36	1.14826849946995e-35	gene75
97.8883548938145	-0.0648511501715876	0.0723723436837448	0.34945451385951	0.602507782516397	gene76
99.7465386388327	-0.0844035650176894	0.0734210675965126	0.229347689872745	0.504876756488162	gene77
98.2844837609728	0.0410679146144147	0.0693998263611068	0.541517297783984	0.747952068762409	gene78
102.327142709161	0.00811677278670861	0.0693735813658781	0.903822988606744	0.941482279798692	gene79
102.915748009075	-0.1124483688777	0.0693118521438449	0.0911684397185855	0.305934361471763	gene80
100.025621579493	0.0485726952694323	0.0697810265090507	0.469982098952091	0.714258509045732	gene81
95.5970380316405	-0.0213372815652829	0.0782195621381395	0.77403184280229	0.87599084000206	gene82
103.351394762016	-0.00808031156577294	0.0684405893815316	0.901327876663941	0.940843295056306	gene83
100.916424203187	0.036212020047494	0.0734657787074329	0.607170583581574	0.779372820090049	gene84
101.353912776091	-0.0486833699358271	0.0723743067971175	0.482581823621706	0.715996770952085	gene85
101.428643184221	-0.0279951406000745	0.0691994511389389	0.673398983548737	0.810567774924287	gene86
100.352426576134	-0.0849141631728949	0.070159833563825	0.207037458017131	0.481071197047987	gene87
98.017992835285	-0.0688711336057876	0.0710864115786755	0.312369304847695	0.574208280970027	gene88
96.7691308863649	-0.149190850355135	0.0713913287952562	0.0290836108313489	0.143978271442321	gene89
99.7916786197103	-0.0649684241208347	0.071913471456822	0.345684986728198	0.599873293966391	gene90
102.080033689183	-0.061845092588634	0.0705142232764457	0.35767717496038	0.608294515238741	gene91
99.305121369565	-0.055640102982255	0.0709099800925566	0.413912679929925	0.66923411376115	gene92
98.7984482170017	-0.123439190421947	0.0720730081962527	0.0735380130427451	0.265825961120969	gene93
101.900183756934	0.0240587668127408	0.0693429621291566	0.719238360888402	0.840231730009816	gene94
96.6252985949127	-0.109013916568336	0.0732558118312718	0.119128465236264	0.342323175966275	gene95
101.226744234487	-0.121147534476298	0.0702109448417583	0.0722195772759437	0.265513151749793	gene96
98.4203276392365	-0.11975854960059	0.0699478506078565	0.0738996171916295	0.265825961120969	gene97
101.033623236927	-0.0386045340987117	0.0702663039858801	0.568863249299314	0.758342625160053	gene98
100.229724399885	-0.127007065901264	0.0709300152157438	0.0618407391184422	0.247362956473769	gene99
99.520231734513	-0.0164813484701638	0.0724067448557711	0.811937877669024	0.890282760602	gene100
99.4644223192375	-0.104030706300165	0.0721399320155433	0.13198767007688	0.362603489222197	gene101
98.5604955047406	-0.018526282984866	0.0715618431017718	0.78434477551989	0.88128626462909	gene102
96.3956015997845	-0.104506965400698	0.0751198118321689	0.144884054315064	0.383389632919151	gene103
100.268013011137	-0.0543161208811883	0.0695046983897772	0.416263618759436	0.66923411376115	gene104
96.4889780238369	-0.030274474258805	0.0713173792104222	0.6565459531217	0.805297506753898	gene105
101.258522849784	-0.0465010581210149	0.0702212204213021	0.491689307818487	0.723778945402738	gene106
98.7657083656619	-0.0123390410250033	0.0700547826642965	0.854052489562823	0.918336010282606	gene107
101.595065438845	-0.0479271423242653	0.0686124074796093	0.467958216819017	0.714258509045732	gene108
101.488135685395	-0.0646463713774429	0.0711074262658936	0.343331543729022	0.599873293966391	gene109
100.314404450225	-0.0475783506478932	0.0716096830293887	0.487842027565157	0.721659804090469	gene110
102.412797935363	-0.0297396993375791	0.0713506606137403	0.663823698389916	0.809541095597458	gene111
100.929063595989	-0.0711701691557838	0.0716308101055622	0.299909799726605	0.568010984330692	gene112
99.0240746347744	-0.00568145381410614	0.0693797386611136	0.931886153898374	0.957211701286964	gene113
99.4441613136707	-0.105704262471504	0.0712136835257376	0.121521102367089	0.345230404451956	gene114
100.946228492288	-0.0226656549819178	0.0700371395931585	0.736540038626382	0.85050812774409	gene115
96.7543915684343	-0.122781321370313	0.0740079380566615	0.0822287792599869	0.28354751468961	gene116
101.612600944252	-0.102119521802	0.0695203724123402	0.126182891854334	0.354446325433521	gene117
100.875537912707	-0.108591287543188	0.0714409120657404	0.112063656037561	0.333370707229413	gene118
103.182976828746	-0.156336401417525	0.0734279143264168	0.0258001606687863	0.135790319309401	gene119
100.853053546494	-0.00129839402440608	0.0720724216715113	0.984091713965811	0.992042852173092	gene120
101.839738109601	-0.175710285213305	0.103969490319696	0.0636290481262982	0.250508063489363	gene121
100.788724306293	-0.0265534644654344	0.0693247396002492	0.690121511775939	0.823336598275063	gene122
95.2412739641257	0.0185572145389044	0.0723390870303068	0.789077885191964	0.882546874137697	gene123
101.690401702552	-0.149561739277774	0.07375199310429	0.0336751865893514	0.163471779559958	gene124
98.7743522973881	-0.0189981269365751	0.0707330478707184	0.779087634560555	0.878351993460749	gene125
97.8084671306961	-0.152269866320098	0.0723059981490429	0.0277123121510767	0.141348457029008	gene126
100.558202867006	-0.0289062329951452	0.0718352927876613	0.675017644621678	0.810567774924287	gene127
98.0434388842305	-0.0498934672855102	0.0707689585581751	0.461641815902119	0.710218178310953	gene128
99.5382000861242	-0.0771366904378763	0.0705004485613607	0.25417014567392	0.531164168401437	gene129
96.4855107027594	-0.0373474349508959	0.0709172885754435	0.583167975502893	0.763308868459284	gene130
101.851714345719	-0.0309070700319314	0.069388604565927	0.642981371060284	0.796045720762234	gene131
101.137399807592	-0.00427235749678996	0.0695422201666863	0.948396905876339	0.97171814126674	gene132
98.8005764671925	-0.00929088784814051	0.0715558412295349	0.886737445915026	0.93340783780529	gene133
103.269046936015	-0.0728976279462096	0.0680012601404678	0.265152089892388	0.540678492368138	gene134
97.9583179895044	-0.0863135275697479	0.0926591399965846	0.316405173099757	0.577381702736782	gene135
103.017940912486	-0.107015860025228	0.0691953027529474	0.10733460250365	0.325256371223183	gene136
101.215741659936	-0.0712473184472059	0.0709360209977684	0.292519894813583	0.563631967020207	gene137
97.887697714364	-0.130288853688806	0.0708916431380007	0.0559657961310287	0.231322377389264	gene138
96.0399999676977	-0.0152116301718377	0.0753406842514718	0.832191754764818	0.908506282494343	gene139
101.023591592566	-0.0661416228998232	0.07065589060211	0.328946060587348	0.589509069152954	gene140
101.490226640348	-0.0529481902128186	0.0703007142803611	0.432832445964483	0.688224250229018	gene141
100.787030194708	-0.06780333684829	0.0690139247948384	0.307058023098829	0.572975831638021	gene142
101.892933866165	-0.0832457276161642	0.0704051210660408	0.217930980754911	0.490835542240791	gene143
98.6490762465229	0.0110261750772815	0.0696847222298617	0.85938858273295	0.922090754005311	gene144
102.281689846141	-0.132612790677081	0.0705785846154284	0.0500548329425142	0.215753590269458	gene145
98.8151158395637	-0.125192891476175	0.0712355941217822	0.0666773331726625	0.252565655957055	gene146
100.701131322184	-0.0971582152963438	0.0701354201815774	0.148658340491163	0.391206159187272	gene147
98.3302472269564	-0.0213981588716083	0.0720877812407374	0.756625528842664	0.869684515911108	gene148
99.6530610531777	-0.22721171341235	0.0735411817001219	0.00121519795773438	0.00799472340614725	gene149
98.2458054715662	-0.0337021545058422	0.0710701207747463	0.620898873200043	0.785947940759549	gene150
96.9496429794269	0.0107204892523053	0.0713163388914374	0.875871935784736	0.927830440449932	gene151
99.982313302362	-0.204441469650462	0.0718314565252504	0.00292772343944403	0.0185298951863546	gene152
101.603038438522	0.0401263094708693	0.0699008961803674	0.54997727303463	0.753393524704973	gene153
98.1844257044759	-0.118119081138699	0.0724242598452949	0.0881005126453822	0.299661607637354	gene154
100.654910990876	-0.066296261216575	0.0719666155397158	0.336910751188544	0.59735948792295	gene155
99.8181268214706	-0.0315257861990792	0.0701633947200304	0.639651269424979	0.796045720762234	gene156
106.324686886882	0.0497664901532557	0.0657889821373489	0.433581277644282	0.688224250229018	gene157
98.432911727087	-0.182789440192058	0.071347708601153	0.00744670384583771	0.0443256181299863	gene158
96.3883196815612	-0.0648570611330951	0.071654744958237	0.34523788982815	0.599873293966391	gene159
104.344624763207	-0.0949908761345249	0.0677588315778944	0.144921281243439	0.383389632919151	gene160
100.434495570592	-0.044721004609979	0.0735901838394659	0.525267245759465	0.742206985601663	gene161
95.1140183911739	-0.0353701179775816	0.0737173772096806	0.615801351655801	0.781473796517514	gene162
98.1866535043886	-0.0286368077219985	0.069891117029368	0.673227997065938	0.810567774924287	gene163
102.959320780357	-0.0469494585891568	0.0674041237111324	0.469859633552991	0.714258509045732	gene164
94.784492583228	-0.0451846841611051	0.0739610213987663	0.52276186134881	0.742206985601663	gene165
98.5605639153674	-0.0404557563037494	0.071158764609916	0.55395129762979	0.75676406780026	gene166
96.1387891832418	-0.0439558095247141	0.0736063286635095	0.53242227147443	0.747784089149481	gene167
100.713019251195	-0.0275950896529946	0.0739474927494386	0.696249755550725	0.823582958634926	gene168
97.7985840509564	-0.0386473776123794	0.0718914100060879	0.573307024621	0.758342625160053	gene169
98.6427114099117	0.0390309580654589	0.0704829992292619	0.565509039318452	0.758342625160053	gene170
97.932633905518	-0.089724934937435	0.0709118594859845	0.18702231899097	0.458388036742573	gene171
98.649897923226	-0.0379258647625697	0.0700886541500807	0.573242466506985	0.758342625160053	gene172
95.8985238973734	-0.0386838852637195	0.072414549922255	0.578878266734506	0.763308868459284	gene173
98.2731940471907	0.0175880044245293	0.0705308650966735	0.794527430601467	0.882808256223852	gene174
100.638214112603	-0.129485165085905	0.0706866696870531	0.0560136839364507	0.231322377389264	gene175
97.8942007467868	-0.100611235136528	0.0713398918923458	0.141291706531733	0.379413046684527	gene176
99.2673591599854	-0.0731205659907819	0.069871581503831	0.275989056567078	0.545432918116754	gene177
98.4281234935962	-0.116914378081601	0.0704662473655941	0.0830045524643306	0.284262165973735	gene178
101.98805151619	-0.0624675535851021	0.0690290938586205	0.346726763912574	0.599873293966391	gene179
97.4484451976262	-0.0886794713869702	0.072222611954874	0.202526360549893	0.480091146621256	gene180
100.852143047568	0.026613507587248	0.0705894320125667	0.698436233205633	0.823627633497209	gene181
101.041373424873	-0.0410260568338261	0.0695793782037968	0.538960322158766	0.747952068762409	gene182
97.3110121413981	-0.106480952722193	0.0712424691150982	0.118891390833586	0.342323175966275	gene183
103.6797039401	-0.136886301601481	0.0687299021399205	0.0377985067472281	0.179992889272515	gene184
100.824213561659	-0.146915625211274	0.0751819610944421	0.0403223709069635	0.188422293957773	gene185
98.7293011841808	0.0135845125568272	0.070392273751621	0.84320962999678	0.916532206518239	gene186
99.8655094856441	-0.0409368517752814	0.0695288455169993	0.540227725782628	0.747952068762409	gene187
99.2952992603516	-0.0433611531715888	0.0704462453189086	0.521418517558955	0.742206985601663	gene188
98.8296466872095	-0.0935074764677675	0.0712589712344888	0.171098477418444	0.432066862167788	gene189
102.963217271913	-0.0442584610431165	0.0675663550467886	0.49662736565066	0.728192618256099	gene190
99.218315603264	-0.0552470357740822	0.0724826498312622	0.426711539348367	0.682005673506864	gene191
102.274472612119	-0.0593505758978423	0.0726166774973587	0.39343935816934	0.647104207515363	gene192
97.5421683419569	-0.0717797577328971	0.0715521010246895	0.29531686447793	0.563631967020207	gene193
98.3857496310496	0.0326593773443381	0.0695100447132601	0.626859949047702	0.787512498803646	gene194
98.9667487062179	-0.0484617436492177	0.0712410447560344	0.478275408283957	0.715727690626285	gene195
98.3817100093265	-0.0644773747570525	0.0737356148490825	0.360533637140054	0.611073961254328	gene196
101.55409765814	0.0283637789544387	0.0690313151974623	0.670131034763397	0.810567774924287	gene197
99.0247031263843	0.0184947506692563	0.072530867430932	0.790761999227376	0.882546874137697	gene198
99.3928245124988	-0.075832238270933	0.0701690159899576	0.260353536381132	0.537920529713084	gene199
97.223557381434	-0.0869784413494208	0.0715795046899152	0.204697247051028	0.481071197047987	gene200
104.267149258729	-0.10809420208501	0.068074257957772	0.0988546313665868	0.312831111919578	gene201
100.627289132429	-0.185160325514964	0.0722333507103533	0.0073406550582322	0.0442208136038084	gene202
102.029530593658	0.00578846624255682	0.0704503386301669	0.932324197053503	0.957211701286964	gene203
100.001517268147	-0.12306741998358	0.0711805633216025	0.0711911707652468	0.263671002834247	gene204
101.541569454719	-0.0281907074964484	0.0700912790491365	0.675390966686466	0.810567774924287	gene205
98.0306501510297	0.044977604971135	0.0711609989564494	0.511204968226388	0.740876765545489	gene206
98.9065479742702	-0.103135802189035	0.0711484629154587	0.130669444230933	0.360965315555063	gene207
98.7714964801963	0.0388659848130414	0.0705698978830523	0.567083878019056	0.758342625160053	gene208
97.2186209604045	-0.0499149979599214	0.0706127017505703	0.461566280414874	0.710218178310953	gene209
100.94958884634	-0.140316340520771	0.0702706256321415	0.037310500852665	0.179377407945505	gene210
98.9617837858312	-0.0434285154147535	0.0699968735044476	0.51843307183808	0.742206985601663	gene211
98.6793253524896	-0.0894551644018539	0.0702894705474905	0.184891093852287	0.457651222406651	gene212
95.9900971966684	-0.0951514281338593	0.0742490194420557	0.179671407669717	0.449178519174293	gene213
96.0793438223537	-0.116374470205845	0.0733954501563254	0.0968855211335731	0.31007794416367	gene214
98.2456999759418	-0.120075114161277	0.0708375193703408	0.0770138492037539	0.271175525365331	gene215
100.64315849004	-0.0581536545679014	0.0721545287924865	0.400294908600856	0.65194610521312	gene216
99.2165111965404	0.0547377756591858	0.0698559304587622	0.415394846387089	0.66923411376115	gene217
101.192011246054	-0.0886181459489856	0.0719312658752765	0.198769037743973	0.480091146621256	gene218
101.802363772305	-0.0505798658284785	0.0683495308027516	0.441362078985847	0.695849940776278	gene219
101.7033251002	-0.0755125558911553	0.0713394738316631	0.2695170943285	0.542575882077658	gene220
94.9081634291417	-0.081852635608717	0.0721094337750334	0.235848738930545	0.512714649849011	gene221
100.304091068936	-0.0424362684084557	0.069533871056957	0.525482545805977	0.742206985601663	gene222
99.3224905860949	0.0760003752079961	0.0706819400571909	0.263151157769067	0.540678492368138	gene223
96.2244375599639	0.0717770122969145	0.073340288375956	0.307115045757979	0.572975831638021	gene224
103.130559893622	-0.117556137702939	0.0689864949116231	0.0761256800057586	0.269949219878577	gene225
104.180853875057	0.0329420336269154	0.0673953684587003	0.614878914244289	0.781473796517514	gene226
103.079340932857	-0.0700548675653198	0.0694915022639	0.294407461765281	0.563631967020207	gene227
103.393829693266	-0.0701178469225059	0.0693977100972584	0.293425585945566	0.563631967020207	gene228
97.3666464100983	-0.0374038045213276	0.071039950445284	0.582913170433911	0.763308868459284	gene229
101.63298515249	-0.110144025791788	0.0705803963056795	0.103812343571518	0.318442771691773	gene230
97.3330817060624	-0.169605768129411	0.0724949074318696	0.0143626137610296	0.0797922986723866	gene231
99.5288093509686	-0.103532190867686	0.0736903993228509	0.141748779917007	0.379413046684527	gene232
102.285646530121	-0.124153466212156	0.0712034516583177	0.0687620243425052	0.256574717695915	gene233
100.487532444475	-0.0339644901332107	0.0708242133628017	0.615081451952465	0.781473796517514	gene234
102.040710186391	0.0227672817584559	0.0683814038138418	0.730105667066891	0.848960077984757	gene235
95.9009614665899	-0.105624233927064	0.0723502416051636	0.127098920935656	0.355024918814681	gene236
106.60502207661	-0.167177748897418	0.0656607480460476	0.00824211120056069	0.0484830070621217	gene237
96.5729579230998	-0.113757761295954	0.0714740663387847	0.0966394860212874	0.31007794416367	gene238
100.854161190121	-0.0201783644262759	0.0702889490735969	0.767600225179777	0.875119095804786	gene239
96.7688927382536	-0.177493764464432	0.0718760451766718	0.00980978342134031	0.0563780656398868	gene240
93.4645738813238	-0.0799660625018959	0.0759241819744736	0.269235544738519	0.542575882077658	gene241
97.7578483082283	-0.0350585704281168	0.0707695205644772	0.607874226202474	0.779372820090049	gene242
103.193730474117	0.00515893454281526	0.0708527107402199	0.930402847402105	0.957211701286964	gene243
97.0786472028308	-0.116686299841696	0.0717264522115452	0.0905775096230555	0.305934361471763	gene244
96.3750674903304	-0.0373822178269501	0.0709825866516195	0.583128303518974	0.763308868459284	gene245
100.484011821483	-0.149912839358545	0.0713385807113466	0.0281923862033513	0.141348457029008	gene246
101.566916380526	0.00732355187382905	0.0690570447352453	0.913351399124822	0.946799720856093	gene247
99.619043027	-0.0907804334720635	0.075987274504413	0.209943314456368	0.481426070505693	gene248
97.6115301564087	-0.0417417408117639	0.0711938088925788	0.541483939043041	0.747952068762409	gene249
100.18967114696	-0.00766709521955833	0.0694073272430839	0.908217771476325	0.944093317542957	gene250
102.579762776933	-0.0939617657528013	0.0691104248766752	0.157187143818674	0.407220579841125	gene251
97.3011674431729	0.00073990798630679	0.0703996355486283	0.99168536618315	0.992791543224673	gene252
99.4056478655175	-0.0527610797658386	0.0704743745879023	0.435769541034991	0.689508767460429	gene253
98.56760676571	-0.10471444733991	0.0704289186424268	0.121205300502956	0.345230404451956	gene254
101.208692198367	-0.00153973077135802	0.0691134651640248	0.98092299100302	0.992042852173092	gene255
100.952478427109	0.137845792068285	0.0727066055257055	0.0476216887661589	0.208867055991925	gene256
102.703383437661	-0.0940899880826598	0.0687265949782743	0.154505381262376	0.402357763704105	gene257
95.8021883956803	-0.130394446767754	0.0742488943850604	0.0657931933220096	0.252565655957055	gene258
106.689169428345	-0.0360698370200037	0.0644206679901082	0.560028997155516	0.758342625160053	gene259
101.214973855849	-0.107727195552419	0.0708203325229527	0.113570347477151	0.334030433756325	gene260
102.281059280549	-0.024264054330011	0.0708128244160926	0.720981625991002	0.840304925397439	gene261
100.475333165951	-0.0846828854573822	0.0741347591491582	0.231903850684118	0.506340285336503	gene262
100.771505304576	-0.0541350330972399	0.0710310250854474	0.426935551615297	0.682005673506864	gene263
98.8530344064822	-0.0216489674297526	0.0742946348145461	0.760324772461698	0.871932078511122	gene264
96.0821835718799	-0.0274481493234186	0.0713029757455114	0.687877436258854	0.822819899831165	gene265
96.1534772755522	-0.184734355071261	0.0749230032072235	0.00968025021133337	0.0562805244844964	gene266
99.6253290310574	-0.0663326437578988	0.0693736390273419	0.320006634780406	0.577629304657772	gene267
99.731003513444	-0.100858255171649	0.0717632521562292	0.141900479460013	0.379413046684527	gene268
98.5228470565494	-0.0948886849862754	0.071523814788732	0.166308968390233	0.424257572424063	gene269
98.1082493158177	-0.0391980614775028	0.0702558218581582	0.561317850739241	0.758342625160053	gene270
99.1097212568798	-0.0446625043231546	0.0707530546561132	0.510630036203623	0.740876765545489	gene271
99.2753050151112	-0.150724992037882	0.0717952246978813	0.0282696914058016	0.141348457029008	gene272
97.9279342807987	0.00303909866107568	0.0708888931203135	0.964842083316262	0.984532738077818	gene273
98.2964097445548	-0.00118201392318719	0.073571391592855	0.986090595060053	0.992042852173092	gene274
95.6624275253826	-0.00656929442668295	0.0723615411565391	0.924923876283468	0.955499872193665	gene275
101.657310410072	-0.0636605181081195	0.0700039107536892	0.344001349497873	0.599873293966391	gene276
97.8090202123771	-0.0131573859769924	0.07135178131682	0.847973525554712	0.917855572632361	gene277
99.2659433451197	-0.0485917224970404	0.0719384598886998	0.480969008100863	0.715727690626285	gene278
101.8863290249	-0.0836058112268132	0.0691085510532288	0.208233827863727	0.481071197047987	gene279
101.195197285642	-0.138112881530141	0.0715976027576842	0.0438593291325734	0.201189583176942	gene280
97.6969142169179	0.0194806150305237	0.0701680771796526	0.773258409570386	0.87599084000206	gene281
96.8862390187793	-0.0510944878994021	0.0723781174022498	0.459873762053687	0.710218178310953	gene282
97.1664602924959	-0.128732791988226	0.0727530257555242	0.0643665279250256	0.251431749707131	gene283
99.3277735532318	-0.0852528314667093	0.0700731189921564	0.205145075002698	0.481071197047987	gene284
101.44567643051	-0.0847877907001141	0.0702259800285413	0.208622534454425	0.481071197047987	gene285
104.480030117291	-0.0330869043183432	0.066728308519333	0.607208777008536	0.779372820090049	gene286
100.433329261558	-0.0711591005108139	0.0731637329471216	0.309419863074707	0.574208280970027	gene287
101.317169908052	-0.15726130125398	0.0715754795361409	0.0216751294152597	0.116532953845482	gene288
97.6843513636126	-0.156224940350534	0.0732276279784528	0.0254857101601459	0.135562288085882	gene289
96.5374598883808	-0.114495536004243	0.0730801469086202	0.10111639756459	0.314969830970273	gene290
97.4518307925998	0.0768587476718006	0.0728813074182786	0.271495857972897	0.542575882077658	gene291
98.7885020410465	-0.0624050508131829	0.0699074509201713	0.352807707789001	0.606198810634023	gene292
100.210425581005	-0.105557903200956	0.0697750876820896	0.115107213246514	0.33461399199568	gene293
96.4352402111538	-0.0581845465579637	0.0714540688266816	0.39669756825531	0.648198640940049	gene294
95.007329087911	-0.00174708430925042	0.0730889164958043	0.976353050633562	0.992042852173092	gene295
101.793697888305	-0.00717123635927685	0.0698974903534018	0.914608530346986	0.946799720856093	gene296
99.3720133495926	-0.0219443327893113	0.0723421470394171	0.751785749905855	0.866112615098912	gene297
101.899544017313	-0.0322542995170387	0.0694048246179561	0.628975417628425	0.788189746401535	gene298
100.463778671104	-0.0302056936096161	0.0712058452292533	0.658304407231616	0.805297506753898	gene299
99.5317506798235	-0.00870014844689274	0.0701054740218437	0.897014327712105	0.938299505975006	gene300
101.706998198373	-0.140480573578235	0.0715340952011368	0.0399509055445242	0.188422293957773	gene301
100.525603357464	-0.110674256703047	0.0711924889103521	0.104787178113329	0.319473104004052	gene302
98.877617348688	-0.0635124761612364	0.0704322585736543	0.357163565624195	0.608294515238741	gene303
96.2644166875942	0.0194804546625701	0.0723391936445053	0.779976570193145	0.878351993460749	gene304
97.1583136631373	-0.0272919743020987	0.0709431928914106	0.696751183005148	0.823582958634926	gene305
96.8288736997551	-0.00174678603386819	0.0703848203391359	0.978989272227025	0.992042852173092	gene306
96.0940464024007	-0.0177453464699443	0.0748806702358129	0.803751882084645	0.888398689104297	gene307
102.198634691834	-0.0886263240898531	0.0697560631299593	0.18615858228553	0.458388036742573	gene308
101.705926833267	-0.0450843386384099	0.0721481428224999	0.514331424279689	0.742206985601663	gene309
96.7918820371148	-0.000549093719791939	0.0711268504461173	0.992791543224673	0.992791543224673	gene310
97.0784246393009	-0.130249425067783	0.072307320458338	0.0598249487543482	0.241229632073985	gene311
99.5266385982511	-0.0244901772641146	0.0711419716631361	0.717349177953612	0.840231730009816	gene312
98.0706117460928	-0.0622457621804448	0.0713661900266003	0.363300260514946	0.613682872491462	gene313
101.407515138799	0.0110985515628984	0.0699668187647095	0.868290454462119	0.925649250570456	gene314
95.8450805363034	-0.0662449668397684	0.071530561301317	0.333962621863734	0.596361824756669	gene315
98.2711915245865	-0.0826703095327105	0.0720109132745999	0.230223800958602	0.504876756488162	gene316
101.182136561375	-0.062692296291972	0.0704065991764495	0.3562822014602	0.608294515238741	gene317
98.8762674056693	-0.115035625357763	0.0717475630421835	0.0941836059744416	0.307789562007979	gene318
100.136320180305	-0.0801493192600469	0.0710102195799862	0.242960166095924	0.51914565405112	gene319
97.0670759152856	-0.0915375830893459	0.0705419397754754	0.176363027061817	0.443123183572404	gene320
101.888562430019	-0.0242418007369895	0.0699710751250843	0.718302478175471	0.840231730009816	gene321
100.634609445045	0.00137133854681404	0.070932983029678	0.984422226815115	0.992042852173092	gene322
102.120141979837	-0.144695598484452	0.0707179528101352	0.0328255336815358	0.160909478831058	gene323
99.6621280511547	-0.117972008580563	0.0699782867236849	0.0789612157911544	0.276088167101939	gene324
100.339506333854	0.0586719110948414	0.0705184064722343	0.386754287045167	0.643528432180447	gene325
97.0548692592323	0.0828097754255381	0.073542880647888	0.238972334084035	0.516372166330473	gene326
101.259525266156	-0.0672789643387536	0.0714269700515623	0.325805590092948	0.585981277145591	gene327
97.8019950153745	-0.0778760931129302	0.075531517268906	0.279784878630361	0.548597801236003	gene328
98.8492546105367	-0.0246129477278568	0.0704196468902892	0.716035365115747	0.840231730009816	gene329
99.5537138391789	0.0194189744733133	0.0701950326048015	0.774375902561821	0.87599084000206	gene330
100.323102865032	-0.0690918340139789	0.0704484729533562	0.30703092198657	0.572975831638021	gene331
98.7561810248704	-0.0963011269124651	0.0701482984096136	0.152150184533809	0.39829891239217	gene332
96.5254055643027	-0.0359514108619955	0.0718802787067225	0.602096941036637	0.779372820090049	gene333
99.8571279915828	-0.0516169334243253	0.0701711934181282	0.443727465360062	0.695849940776278	gene334
100.44099287901	-0.0302357235874796	0.0707284124992931	0.654367896627044	0.805297506753898	gene335
96.827918255974	-0.0717576167520642	0.0718376453284405	0.297239768581124	0.56509461707438	gene336
94.0264003056386	-0.0461257612396515	0.0754289561317118	0.521756750372561	0.742206985601663	gene337
100.907187838213	-0.136940027221234	0.0715643326612417	0.0455880376512704	0.206012810276997	gene338
98.9566341556803	-0.127845196306597	0.0718417815596113	0.0631302699412873	0.250508063489363	gene339
97.2150561688911	0.00907177784210853	0.0703836998847565	0.893777583222312	0.936873776962591	gene340
103.555712186482	-0.0700087448800303	0.0697501014889461	0.295343150718588	0.563631967020207	gene341
98.9457403017168	-0.0325319987385886	0.06920017593795	0.623478171422713	0.787219913412516	gene342
103.390337711319	-0.0534957185102439	0.0670883070959978	0.408219224126908	0.662693545660564	gene343
100.807458419393	-0.0526982853608814	0.0719304221690009	0.44494050669881	0.695849940776278	gene344
98.4589699499166	-0.136189432024806	0.0722835371126025	0.0490119250726767	0.213095326402942	gene345
101.322579953399	-0.126672115114795	0.069158787111709	0.0564426600829803	0.231322377389264	gene346
101.638353058194	-0.0280645283765464	0.0695771588864004	0.674838501803559	0.810567774924287	gene347
96.7781727377888	-0.0456898779181368	0.0709234414202236	0.502013413503612	0.733937739040369	gene348
96.7610542236884	-0.0754714001652708	0.0707715632154357	0.270863366862054	0.542575882077658	gene349
99.9926613870327	-0.0570266975848667	0.0699220475673537	0.3957011644446	0.648198640940049	gene350
97.7378431062775	-0.188793984617833	0.0732317661698239	0.00695332755113877	0.0423983387264559	gene351
97.5890881953456	-0.0321854842051297	0.0710876206951853	0.636934872859199	0.796045720762234	gene352
100.486436455484	-0.0756621552405817	0.0706084546026376	0.264475021941484	0.540678492368138	gene353
100.233910863463	-0.0529007606336922	0.0723618092733397	0.445343962096818	0.695849940776278	gene354
98.9792286357931	-0.0431879300596316	0.0727156193771881	0.5352428066337	0.747952068762409	gene355
97.3433110077188	-0.0717758722706231	0.07125323187568	0.293008019827862	0.563631967020207	gene356
99.3594550174123	-0.0487142948757103	0.0705164217614256	0.47223147458985	0.715502234227045	gene357
98.9941499484258	0.0587549498875152	0.0710253098707769	0.38847500548372	0.643528432180447	gene358
102.764720365381	-0.0324555822554997	0.069278844716567	0.626245369043864	0.787512498803646	gene359
102.87753292307	-0.228463031837582	0.0740945505147964	0.00124690296742572	0.00809677251575145	gene360
96.8994704292484	-0.0815517899802568	0.0707241065919379	0.228935151953662	0.504876756488162	gene361
99.5973729105118	-0.0340494678077629	0.0697611987452532	0.611467378311787	0.781473796517514	gene362
100.552580601085	-0.0303111322983612	0.071582192546686	0.658733360524689	0.805297506753898	gene363
100.903592794492	-0.0862402941563136	0.0705050193688097	0.20259846387417	0.480091146621256	gene364
99.9906383126826	-0.117139521234643	0.072975327505117	0.0933302339902734	0.307007348652215	gene365
102.863293075509	0.00941506322808267	0.0676905862010228	0.889486118867911	0.934334158474696	gene366
100.280229128986	-0.0728259082732251	0.0707020893298548	0.283446258592732	0.55360597381393	gene367
100.353843352014	-0.0850324228431891	0.0704486416383868	0.208784899518826	0.481071197047987	gene368
99.4332804900935	-0.0584569464829386	0.0706064283113892	0.38869117303699	0.643528432180447	gene369
101.596583329957	-0.0109885996247652	0.0705140888998205	0.87066853951678	0.925649250570456	gene370
97.2654274076594	-0.0589745431333502	0.0723115911148401	0.393393668641633	0.647104207515363	gene371
98.9955563161246	-0.023204726202328	0.0706214005343421	0.731923526632234	0.849099218830898	gene372
99.1990484882529	-0.137197493381169	0.0717376326789998	0.0457348438814933	0.206012810276997	gene373
103.517418968478	-0.0584056544056432	0.0688734321982536	0.377713784911926	0.633747961261621	gene374
99.3714369163716	-0.127842514363313	0.0747375976232862	0.0729504506549215	0.265825961120969	gene375
103.717532141274	-0.0833565586503433	0.0678986990494703	0.201766373720731	0.480091146621256	gene376
97.3402362978943	-0.0101575043404712	0.070456223662	0.880388544774457	0.930643282002597	gene377
96.1999053058154	-0.0412654943047525	0.0712611076763497	0.545694491114102	0.750325045196069	gene378
99.025367392215	-0.0166847300090148	0.070745196244287	0.806123622310165	0.888398689104297	gene379
99.0822335243513	-0.0675231106293542	0.0706544746903182	0.319229319317866	0.577629304657772	gene380
95.1827405119904	0.0150185318545999	0.0730451661383993	0.834716403517659	0.909277128014879	gene381
98.0573542418499	-0.113227510098795	0.0702405136176907	0.0928917819534323	0.307007348652215	gene382
101.400400380055	0.016439837957271	0.0696295012353454	0.806666009706702	0.888398689104297	gene383
102.457467457393	-0.0934918149566965	0.0710827547458809	0.170020104535621	0.431523107958429	gene384
98.1864958205807	-0.0594815388381574	0.0704878985223693	0.379401564799364	0.634450777256462	gene385
105.136435091336	-0.0472819845286002	0.0658691616988956	0.456951930330957	0.710218178310953	gene386
101.161550517137	-0.103675358298378	0.0701837115003622	0.12370763352117	0.349456591867712	gene387
99.6889659280614	-0.0865545516942609	0.070505294273859	0.200776694410558	0.480091146621256	gene388
100.903051513995	-0.0265787561531859	0.0697478722774872	0.691602742551053	0.823336598275063	gene389
102.256991478217	-0.133641624154281	0.0722105165794079	0.0531524975907729	0.22332982180997	gene390
98.1317864280479	-0.0638643629291495	0.0700018454054133	0.342294217012016	0.599873293966391	gene391
98.8843155923578	-0.138628965919497	0.0729715687000916	0.04688013424638	0.208867055991925	gene392
95.7086969194182	-0.163865128998658	0.077907809963414	0.0267411633960029	0.137841048433005	gene393
99.8152144344028	-0.0863577134036113	0.0720530873323848	0.210864618881494	0.481426070505693	gene394
101.922516310739	-0.110188747177404	0.0691868897573825	0.0973644744673924	0.31007794416367	gene395
98.6771301896647	-0.0204130724711639	0.0722927255434283	0.768041367723042	0.875119095804786	gene396
98.9115438994418	-0.0868075075138966	0.0704105475493904	0.198949969714343	0.480091146621256	gene397
96.7805573462773	-0.113347380375424	0.0728321117782165	0.103686957909368	0.318442771691773	gene398
95.5284697383356	0.0128463293781561	0.0724510305163553	0.851769971402831	0.917855572632361	gene399
98.1130229370534	-0.0973719739670674	0.0733474938390273	0.164989764355083	0.423050677833547	gene400
100.650376868782	-0.0842524848152343	0.0713388713227199	0.215945754066361	0.488565054448781	gene401
97.3168563499127	-0.12054039774307	0.0708574224094023	0.0759683900227799	0.269949219878577	gene402
100.334245023661	-0.113471845637876	0.0708417072409528	0.0948227784762711	0.307866163883997	gene403
104.115976708113	-0.109163288890213	0.0693697039997326	0.101420285572428	0.314969830970273	gene404
99.6985526469484	-0.0605077982394449	0.0714149054181782	0.374740099301971	0.630875588050457	gene405
100.933912642635	-0.00960072385661463	0.0703001174015289	0.886647297926898	0.93340783780529	gene406
101.669422884015	-0.0490716113708202	0.0691395105784464	0.460289039315545	0.710218178310953	gene407
100.847764964946	-0.0198977062959143	0.0701581004653541	0.768354566116602	0.875119095804786	gene408
98.9298410150887	-0.130278862920866	0.0721382502727495	0.059108848178665	0.24027987064498	gene409
99.2943589767526	-0.0473768249857573	0.0699056238901086	0.480613779311034	0.715727690626285	gene410
99.4352396154246	-0.0355239406851755	0.0695498101917816	0.595115395020281	0.774889837265991	gene411
96.8670929914706	-0.0911564405867475	0.0713947843559906	0.182714974730738	0.454514862514273	gene412
94.0861295168214	0.0152788800874035	0.0748153010808644	0.831326920804188	0.908506282494343	gene413
101.995110111188	-0.0112457907136094	0.072351102176246	0.870780867249449	0.925649250570456	gene414
100.453148592515	-0.144919487818093	0.0742375393601037	0.0407923394077002	0.188853423183797	gene415
101.352687112183	-0.0740230137423672	0.0711098158569708	0.277795416374903	0.546841370816739	gene416
99.5283393978481	-0.115771257872489	0.0736006534156145	0.0997425013671037	0.313655664676427	gene417
98.9809136502155	-0.112912664085024	0.0699276253486039	0.0924837903745372	0.307007348652215	gene418
101.919139951315	0.0110480754043683	0.0692663040561765	0.869276725475819	0.925649250570456	gene419
102.913222416603	-0.106676598980318	0.0704762051951322	0.114345346421057	0.334343118190225	gene420
100.17742104981	-0.131003998918528	0.0707026275339069	0.0530366632667857	0.22332982180997	gene421
101.159297636559	-0.0303253113790345	0.0708323679531062	0.655470835245319	0.805297506753898	gene422
99.786438111513	-0.210242550716244	0.0725203540830395	0.00243360265479358	0.0156000170179076	gene423
100.182639957484	-0.0675563862092478	0.0702328835217878	0.316400087107464	0.577381702736782	gene424
100.682389921085	-0.0676666666441129	0.0705647609244958	0.318078951278984	0.577629304657772	gene425
97.7113762058571	-0.181425289501728	0.0741460613440059	0.0103236584022772	0.0586571500129384	gene426
101.550779963518	-0.0653012358164431	0.0702716276647571	0.335929804635842	0.59735948792295	gene427
99.8335981781902	0.0432606976172462	0.0692143976357438	0.516389505998473	0.742206985601663	gene428
98.5199102450674	-0.0474319482433466	0.0696433641656383	0.478604186293009	0.715727690626285	gene429
98.4201117626634	0.0163253628425168	0.070640807918507	0.81072982438693	0.890282760602	gene430
99.4298487440613	0.00205190831148991	0.0721898938174698	0.976149883903212	0.992042852173092	gene431
99.0455863376156	-0.0827020949055917	0.0702682947149509	0.220220155448428	0.493767164682575	gene432
98.9177028182773	0.050348144212734	0.074164419268657	0.478313449649876	0.715727690626285	gene433
103.824824916103	-0.0417641836428718	0.0689153972385026	0.528848631784312	0.744857227865227	gene434
98.6575674502802	-0.0403606111281606	0.0733265102550913	0.564918774535976	0.758342625160053	gene435
98.8992809234075	0.0133995591305734	0.0713711732697594	0.848743667071439	0.917855572632361	gene436
102.270182972627	-0.000919438940776672	0.069748811744859	0.988653656300703	0.992624152912353	gene437
99.4720501853353	-0.107109734376862	0.070379903606656	0.112679299043542	0.333370707229413	gene438
101.165991830731	-0.02274849148869	0.069727098579805	0.734462056297067	0.850071824417902	gene439
101.383052862426	-0.0809413627731655	0.0695355180486827	0.225493179875654	0.503332990793871	gene440
98.252333975912	-0.0426988426288369	0.0729799799213872	0.54134774297604	0.747952068762409	gene441
104.471782646185	-0.0331406422331835	0.0669955344756267	0.607910799670238	0.779372820090049	gene442
101.094866769313	-0.069866515365484	0.070919551710058	0.302965101325167	0.571632266651259	gene443
96.5637253103008	0.0399347652263075	0.0723531967289782	0.56721181843042	0.758342625160053	gene444
98.9859338390638	-0.012639493003913	0.0695481819398393	0.85159306912569	0.917855572632361	gene445
100.476274194461	-0.0782469308569842	0.0703647324160685	0.24685541272092	0.525224282384936	gene446
100.341490118892	-0.0355046100964466	0.0702107755115508	0.59837545323824	0.77711097823148	gene447
103.080220591397	-0.0171659262553851	0.0686623123843686	0.796483973480972	0.883019926253849	gene448
98.4805011971152	-0.0364748567103773	0.0696502485297423	0.58598764313867	0.764996923157533	gene449
100.50139948751	-0.0782167182083343	0.0716999362679513	0.255004601479045	0.531164168401437	gene450
101.042259856574	-0.0710114574535912	0.0731703025637719	0.310475301682595	0.574208280970027	gene451
99.1569280341187	-0.0379811272083974	0.0703003673132257	0.57272733977585	0.758342625160053	gene452
97.049991172977	-0.169644853637101	0.0731558691350206	0.0152106377552417	0.0826665095393569	gene453
97.022821615406	0.0435744737427038	0.0699593617521968	0.519111104579716	0.742206985601663	gene454
102.568887080688	-0.075584383092354	0.0686114896709438	0.25216262328334	0.531164168401437	gene455
98.2250683101252	-0.103293451089991	0.0720701114429099	0.134435436258157	0.365313685484123	gene456
99.8910246216849	-0.0182002775804528	0.071935935972025	0.79266633841208	0.882701935870914	gene457
96.6909987333915	-0.0786572750578823	0.0701145060936568	0.24062942951	0.516372166330473	gene458
98.8223429368667	-0.0473579229412834	0.069840515604062	0.480364101273878	0.715727690626285	gene459
101.165982473908	-0.0873082320584027	0.0713050973143759	0.201536336183687	0.480091146621256	gene460
101.928676836807	0.0280432740989531	0.0695191699566457	0.676013524286855	0.810567774924287	gene461
97.8499957198597	-0.186713076131951	0.078277798315111	0.011940323356261	0.0670804682936012	gene462
100.68094623827	-0.044856334196543	0.0702949495974137	0.506900798914311	0.738922447396955	gene463
100.355553274126	-0.109255023667654	0.0709751638703899	0.108446003021991	0.326644587415634	gene464
100.973419322169	-0.122654175002984	0.0700705901217894	0.0680715364448994	0.255908031747742	gene465
101.282881036718	-0.0753852249214836	0.0707428522479466	0.266013818245124	0.540678492368138	gene466
101.993599190364	-0.0755851269166921	0.0692680284176772	0.256021129169493	0.531164168401437	gene467
98.5276063178079	-0.0323037445429917	0.0721510843268296	0.640211725642858	0.796045720762234	gene468
100.27654165875	-0.0646031114609703	0.0712389827213797	0.342004564353134	0.599873293966391	gene469
100.608497048295	-0.0965209094850382	0.0720353091416967	0.161709832166433	0.416777917954724	gene470
95.9793916613223	-0.11090044548389	0.0727356252195191	0.110998757522592	0.332331609349078	gene471
99.2336812140617	-0.189862631946377	0.0724051648178091	0.00609352619183669	0.0380845386989793	gene472
96.012232116776	-0.0760940642312407	0.0723730308976822	0.272373092802984	0.542575882077658	gene473
96.8956511922939	-0.133660638094223	0.0703427576435045	0.0475605544516897	0.208867055991925	gene474
98.1119835551685	-0.0390901668681291	0.0696121041522304	0.558343841448691	0.758342625160053	gene475
97.4521781244051	-0.0746256041359609	0.0713973737040639	0.275618368569295	0.545432918116754	gene476
99.6705317819977	-0.190297038861979	0.0736217541751686	0.00677172952680428	0.0418007995481746	gene477
100.665920784953	-0.0687444160441666	0.0709215985408146	0.311487641397985	0.574208280970027	gene478
102.312583439189	-0.0479427650339744	0.0687041663476852	0.468334043163998	0.714258509045732	gene479
100.750456596478	-0.0407831850064982	0.0707318748358594	0.546236632902738	0.750325045196069	gene480
96.8239041061409	-0.0471872069199686	0.0716968235981043	0.492169682873862	0.723778945402738	gene481
100.823922230574	0.0768752396463805	0.0700429391919696	0.253869314999976	0.531164168401437	gene482
98.6394701756843	-0.0825569818577841	0.0694231374448935	0.213769265701477	0.485839240230629	gene483
99.0652474157784	-0.082672896499471	0.0712848380386816	0.226702449897739	0.503783221994976	gene484
99.7936327329086	-0.132691153906402	0.0707696547565888	0.0529321431406875	0.22332982180997	gene485
98.3459888702862	-0.0266027639904118	0.071617056380447	0.696386675679512	0.823582958634926	gene486
101.222974350265	-0.0318605962813846	0.071767436261079	0.643204942375885	0.796045720762234	gene487
100.139833726221	-0.126814055958167	0.0718442828667872	0.0651021272263167	0.252333826458592	gene488
101.232690325662	-0.150641721207104	0.0709038833403811	0.0266099056349727	0.137841048433005	gene489
98.2608234362132	-0.0108257027126937	0.0700575961143098	0.87196159403737	0.925649250570456	gene490
98.9281133239427	-0.0392081388422395	0.0716879631119603	0.568323568267171	0.758342625160053	gene491
99.7843081082043	-0.0182958944419885	0.0701950727440491	0.786233860746661	0.881428095007468	gene492
100.058795697004	-0.0797403346462095	0.0706804114397003	0.239818249605969	0.516372166330473	gene493
102.496442376541	-0.101815277528476	0.0701074323447847	0.130437179291669	0.360965315555063	gene494
101.241107376734	-0.121700171428032	0.0727630052971116	0.0803471471338572	0.278983149770337	gene495
99.8024157245428	-0.123440770285186	0.0701061487268156	0.0664616269230128	0.252565655957055	gene496
100.76974223261	-0.101102941530677	0.0702434133267736	0.133526184920717	0.364825641859883	gene497
101.562868784186	-0.166819757841718	0.0714100603307594	0.0148808500657487	0.0817629124491686	gene498
102.85589203795	-0.00395602721782902	0.0681883007385436	0.951554855244535	0.972959974687663	gene499
94.9017158853622	-0.0790379641051198	0.0725533153735065	0.25533483743086	0.531164168401437	gene500
